epoch,step,train_loss
0,49,23.17462158203125
0,99,8.705674171447754
