epoch,step,train_loss,val_loss
0,49,59.30020523071289,
0,99,44.94254684448242,
0,149,60.73659896850586,
0,199,57.847686767578125,
0,249,41.031246185302734,
0,250,,55.95110321044922
