epoch,step,train_loss
0,49,24.942298889160156
0,99,13.164148330688477
