epoch,step,train_loss,val_loss
0,49,511.7084045410156,
0,99,697.2364501953125,
0,149,677.2620239257812,
0,199,586.787353515625,
0,249,575.31298828125,
0,250,,614.4176635742188
1,299,457.9377136230469,
1,349,503.5440673828125,
1,399,434.4390869140625,
