epoch,step,train_loss
0,49,26.09426498413086
0,99,13.677544593811035
0,149,7.901664733886719
0,199,11.681300163269043
0,249,3.3491218090057373
