epoch,step,train_loss,val_loss
0,49,24.995296478271484,
0,99,13.451628684997559,
0,149,7.8713836669921875,
0,199,11.031667709350586,
0,249,2.8845393657684326,
0,250,,5.2788543701171875
