epoch,step,train_loss,val_loss
0,49,29.81083106994629,
0,99,13.310848236083984,
0,149,7.337399959564209,
0,199,8.90369987487793,
0,249,3.359879493713379,
0,250,,5.2518839836120605
