epoch,step,train_loss
0,49,57.70317459106445
0,99,44.56369400024414
0,149,50.6494255065918
0,199,nan
0,249,34.30809783935547
0,299,49.7163200378418
0,349,38.075260162353516
0,399,nan
0,449,nan
