epoch,step,train_loss,val_loss
0,49,54.7439079284668,
0,99,33.929805755615234,
0,149,21.881792068481445,
0,199,27.332605361938477,
0,249,13.155271530151367,
0,250,,22.13648223876953
1,299,21.115707397460938,
1,349,15.235966682434082,
1,399,26.093698501586914,
1,449,11.389623641967773,
1,499,12.04269790649414,
1,501,,22.453792572021484
