epoch,step,train_loss,val_loss
0,49,112.21421813964844,
0,99,123.55559539794922,
0,149,49.01742935180664,
0,199,43.20615005493164,
0,249,20.072059631347656,
0,250,,27.736013412475586
1,299,12.833442687988281,
1,349,7.763823509216309,
1,399,7.835480213165283,
1,449,6.228538990020752,
1,499,6.457792282104492,
1,501,,9.591958045959473
2,549,7.775152683258057,
2,599,6.10493803024292,
2,649,8.627760887145996,
2,699,8.85496997833252,
