epoch,step,train_loss
0,49,25.445459365844727
0,99,13.279924392700195
0,149,6.893994331359863
0,199,9.699155807495117
0,249,3.342323064804077
