epoch,step,train_loss,val_loss
0,49,26.43986701965332,
0,99,13.251029968261719,
0,149,7.2483086585998535,
0,199,8.953259468078613,
0,249,3.202934741973877,
0,250,,5.596174240112305
1,299,3.4690606594085693,
1,349,3.244257688522339,
1,399,4.620066165924072,
