epoch,step,train_loss,val_loss
0,49,26.897716522216797,
0,99,13.517801284790039,
0,149,6.823217391967773,
0,199,11.195292472839355,
0,249,3.369788885116577,
0,250,,5.342260837554932
