epoch,step,train_loss,val_loss
0,49,26.800201416015625,
0,99,13.864834785461426,
0,149,8.15023422241211,
0,199,9.97395133972168,
0,249,3.9785215854644775,
0,250,,5.998297214508057
